1,101,IgIyYmbOFs,WFhbCnYHhEdLOHdKgQfI,vVHA,Y,http://DneyT.com,http://hSZDV.com,hUSkd
2,102,TIZabkRfQn,KcNXSDMJXAXsYlPAbILI,tDRO,D,http://OeOHC.com,http://piVXU.com,gLAmQ
3,103,iegZGEXBCH,eCySERUsWBWkrtoGboFm,aaYo,Z,http://gvhxa.com,http://hXZdh.com,iyCRj
4,104,wMrykbtsOz,SwyknsnwVTKtDbFjcfhO,kDAO,A,http://WfYbn.com,http://bbmvD.com,wYHDs
5,105,JWDbxWrFZc,PfKQAMLutQYimFbqGlqZ,iMyU,B,http://tGxNp.com,http://SHqYs.com,iwMMA
6,106,iqUlxVdAcD,mfGJJzNTxobwiiJAAgoZ,pmKf,F,http://dESVn.com,http://JZSPk.com,ERdua
7,107,gNJGGFatPe,oiDznHioxBIDmXoaLFtk,TxAZ,E,http://vceOd.com,http://UOsOE.com,vfBKH
8,108,caGIyEimpn,NjgDICfRCyYmGglpktQb,LCgB,D,http://OBuYb.com,http://nHYYL.com,wGBKs
9,109,oJfOBiiZua,uqcMhJUDymgRXIDIPHyp,ohFz,X,http://uZqtN.com,http://GQQNV.com,jYXaw
10,110,nkXjKYfgyI,NvghNofzdDaoRAiEMeEb,URoq,Z,http://Nwidt.com,http://XOhnY.com,eYdkv
11,111,ePOKMPsAIE,NYteNUtUYRIZWpLffCwX,AVTE,C,http://yHMeV.com,http://dSBqN.com,eFCpi
12,112,xMqgJuQNNh,KvKKbUeqiYFYHVEerUMJ,GNeD,D,http://jayxX.com,http://xYjuy.com,RjcJo
13,113,kBgpRierrX,OZOqgEEGfohAYuZItWtH,UKrU,D,http://wWnEz.com,http://kyZLs.com,aMiMy
14,114,alQHwMuGZT,xChaUhoGLkugCtWkPsPX,svxY,D,http://ErNCp.com,http://SqJhu.com,dCSeF
15,115,rBiZaKYPKn,VBiOUMNtBDQUptMayxkY,Eiqn,B,http://sxRuI.com,http://ZLsPX.com,boDAE
16,116,eGtmXTFZto,TGLZeLYzvHTSDjeuhhtX,IqWR,Y,http://Meoci.com,http://lJzAL.com,veKHo
17,117,IHTBmDqrqB,ADQlnlkKgbiSMPMhKIYL,ovrq,A,http://ljrcP.com,http://XiHHB.com,dYCJR
18,118,yHBNFeBdNO,lRjekgadyLedeNDzRMRO,Khbe,X,http://tXUAY.com,http://YWgSY.com,YNYQr
19,119,mtIkCqKadl,qJeJAsVOngSDHaHKfJSC,Npjh,C,http://NDSEc.com,http://lkheH.com,FEHmE
20,120,cfvDigRIPK,xfxKPpbKuAGPzGOssVqc,Zucx,A,http://RVHUN.com,http://QwXFT.com,Pmjfs
21,121,ZQJhmqCMmK,DIMxFnXKloulfFpsXDQk,zBhg,X,http://JcdQc.com,http://krLvu.com,zHFod
22,122,yVqwZBIycE,yXyqiQBRwNtNveRStIWk,rxOO,F,http://LwnCD.com,http://vHQRo.com,XNHDA
23,123,nQVuqDMUEI,WdqMBjdOfyvgDMonqKCm,BzzE,B,http://xXBNe.com,http://mNamx.com,iNBuz
24,124,SzTRZhURUc,UdfYmdiMPkcdFoNnFmbv,yvvG,D,http://UxxBX.com,http://FpZFv.com,nVNpu
25,125,gubhWujESm,PGPLNYCGsqBmenSDFjxJ,lkic,B,http://BcUuP.com,http://TlQzp.com,VCrKR
26,126,XtFNhvmKnp,VwmAIcVfeyuAITAywzXq,sdMg,F,http://pIwbd.com,http://StiVG.com,DSxDe
27,127,SBWgbgNAjH,ypkXqeWDxBHiujVrsnqW,cYxG,B,http://mHhcD.com,http://UEFfg.com,eZJpk
28,128,NjFWLDyWzQ,JAZyBUvprTwIFFqgkJiq,cNne,X,http://QOgQm.com,http://pyJEf.com,HUXMb
29,129,ElkRxJZWnu,gqUVRawVpyTNGCVxnToC,uEGx,A,http://KGORt.com,http://AFFGw.com,kWYcb
30,130,CUfgqFyftL,VlwmUpCxRBaIDgKkNKJF,GpSb,D,http://bSnqq.com,http://wLcrB.com,PwXyZ
31,131,jEHlUdXDiF,SGRIoBlyKFGUrNGMloxY,xRAW,B,http://JegwS.com,http://cuHIn.com,LAbcn
32,132,zCjLIjfhdz,VEdTZWMtXjrnURzCFWDm,fkQt,E,http://yyUrU.com,http://OoWUD.com,tzXFc
33,133,DSTtbtonbz,VVFseODtzqsMNswwUSpu,wBDp,C,http://nyvCk.com,http://qoIeP.com,vWiXi
34,134,lodyISoYdr,ONQeWmOBPWerkzUXRihx,bfpr,Z,http://qoZeM.com,http://pRRSJ.com,gaUdi
35,135,RYArqiXfAV,YdwcjtZAymDttHCHmoYC,eKKM,Z,http://eRZGh.com,http://zhsrP.com,QZBye
36,136,SWbcyRkxbG,scMJolIZryixXBYywtuy,Gpvg,X,http://GAKKT.com,http://AWjJn.com,HWvOw
37,137,tYIvVOKkKI,DrJcWojTvrQMmCZYpwoW,anyC,F,http://ijfOg.com,http://qOdge.com,WczLa
38,138,jBeyImkEUK,NiHpZGldiktYaIiaeAco,qLHE,C,http://ODvBu.com,http://HGfBh.com,hodMo
39,139,xzKGXoQsxl,SDRrJzlBEqCUUrVhfpub,ofHI,D,http://gqHxq.com,http://miiqp.com,DVPoJ
40,140,nwLnxboszp,yxRLMvFBzokEWHotwThK,BogA,G,http://UOGtg.com,http://nsANK.com,BFgww
41,141,XOWbrJZwOg,UGZpaIAWWgFtXyQPyKmf,yfoM,Z,http://KQqyE.com,http://ciRpm.com,NmbJe
42,142,ndLgwJkHdY,jlgtFqgbGwqwwbGSiFne,oyog,A,http://WwBDy.com,http://lPNsP.com,YHuzH
43,143,xIDjLmJEXZ,JJIdARrFvRvBGvNoNGgB,CNLc,B,http://pXSFZ.com,http://syAkJ.com,KsCpp
44,144,aEDVANtIIN,LGkkSttcLhKVRPRmEnKc,JjIu,C,http://xOeOI.com,http://VRJzG.com,sTAWZ
45,145,ezyeJTTlQR,bPSvordHcItkjguaFfaR,SUCR,F,http://VEICd.com,http://EyewX.com,dSEjE
46,146,sJnZwxXJGv,EkZrXCXaTLYiipYSUZCP,KfWl,Z,http://ViCtL.com,http://ddUDe.com,Bcevs
47,147,uldTGRnkUX,nLeCIdemhucYCPNWMebW,UeeO,X,http://gXMKQ.com,http://wgwPP.com,hwIlG
48,148,hUiQpYiwRY,GdLThifVBXmnnELmkpRn,MxoC,C,http://SSxij.com,http://FIdVs.com,Bmzpi
49,149,UFaAtVIxaZ,dfIysomuWhpInjRpojdk,CSME,X,http://ppuFA.com,http://RoKyZ.com,FVFBn
50,150,JPTVJkYUHM,bvfMpIhLDkxUgBlVTivp,uiHU,D,http://yrjyM.com,http://XfbPf.com,PbhAW
51,151,UqUsDxZPaL,ZWFexahfUrcySwxcOKwA,QHWr,X,http://IuqsY.com,http://pIKZg.com,lSnVW
52,152,cFlRalEAll,jZzSDPiLglZtIQkhEkLZ,EGIo,Y,http://GKtNV.com,http://ZMSAQ.com,XacuD
53,153,AOvUkRFdYp,fTqySgFWiYWaSHhiXrjP,sPby,A,http://RUYPF.com,http://JVyHP.com,JFbtJ
54,154,nzkYWFAvJR,xTLgOvEEZOyvHywKMKgw,KTIw,G,http://Dndwt.com,http://pjXpf.com,TLUOi
55,155,jjkExwGufU,nnBimSilaMCOXXtWuUgz,Mmiq,Z,http://SNHWt.com,http://FiKAS.com,GQYzI
56,156,zyJGgtlTVo,UpsuWcYBwOqkxMOBUYAG,uqbl,X,http://dsGBi.com,http://KBGwb.com,cjExr
57,157,rtZIaTFfRP,ZoaASLGXppFHzlRUlcAS,dlGm,F,http://QRjWC.com,http://xtLXD.com,yVaPh
58,158,drYBoOtBnt,dzvfnrSAYqtYZTNTsaVp,bLVo,Z,http://wiRAj.com,http://MoCan.com,XhHzy
59,159,BqLlfmiazS,FTFpbqzXjBClhrATsnVi,OQXM,F,http://IVRBs.com,http://PzWgT.com,eDywo
60,160,wDGlTGoPSc,ivLojgSYHjIIzzAQlJih,rdIT,X,http://sOAUu.com,http://etFJb.com,cSQEL
61,161,dLojSoxSiA,wTBIwkKjZYTjvmtwLUOm,zzMR,E,http://LjBXY.com,http://eRbgI.com,MJIJZ
62,162,YKWxrawzLp,xXrZAKRSzuIZfNfQWNAu,gdBI,D,http://aPkAK.com,http://IJYkD.com,PboYA
63,163,tpyZYXIYdi,RIxebzMJTBXRrNafUXXe,qKKt,G,http://BAbIN.com,http://igDne.com,tumlE
64,164,xqCNoQghxH,DGZkujhehTNyorjsXLhK,OEgN,B,http://tzNbO.com,http://IoGmn.com,oOlgC
65,165,NUgYlHzqNu,QxtNwcuxFALKvJWzxXoa,EWrn,Z,http://sRpbC.com,http://qSCFv.com,IMgRS
66,166,JkedJeHVex,EAXKbTwxWpnwDUwLCoor,fBPh,G,http://YFLyw.com,http://JSNEI.com,nNiKI
67,167,KrmuHsniHf,UGaZKCgfOABZDKHelbPk,WnUX,D,http://zOUUI.com,http://pOZtf.com,TfaVC
68,168,xAolzDtHmt,jJoncLlvKfoVMjjiieFu,wVcr,E,http://MtHfC.com,http://yKOXl.com,hPtDH
69,169,FCGmLTLkrJ,hcEEZqMlBsCZKVqagwKT,CwTN,C,http://rfgAh.com,http://WTnJd.com,qPPAX
70,170,JUdyPukuTY,BxjwugRgHHnsyBqTPehk,JHAR,X,http://ozPtG.com,http://ahEJo.com,Clhja
71,171,AfbXDfAGgK,tSNOedDaBPOVnfQSKdTB,ikzb,E,http://Voasj.com,http://lrZZT.com,XidIl
72,172,wDVuYMOgIV,qZtJObtpHDkVMZbCOjsq,hMMq,X,http://BNVbc.com,http://sUUIw.com,wczQX
73,173,nsVIvOEjaD,uDgexTvyGhUQHQRUqHIh,KXEE,C,http://uBoIq.com,http://fuekd.com,KiIVp
74,174,ofrLQwGlLK,MVLMybvbeAItSHbONOby,RaDh,A,http://TAuQb.com,http://oPLJJ.com,KUfez
75,175,ICsQRMknYb,UpLxZjiZddrqFGMnAgSH,qdlS,G,http://vCOLu.com,http://lLejR.com,mgLpv
76,176,JFeMPuPONi,cbCBjfBnILoPYDFOhavj,GWUK,C,http://iBEYp.com,http://QUtFM.com,HVcHr
77,177,YppvvdsEbJ,XVjcYwagzYhBVdMxKlCj,qAbe,G,http://sskfB.com,http://jsOnp.com,KOLDb
78,178,ddpJgOOQmx,DsqgHbPJtwYkUruWkUYI,zetn,G,http://CtTqu.com,http://MCjlc.com,TRyaN
79,179,uTSZkWAWqT,nELiaHnbXpWgZtigVmGI,yvuT,A,http://LusYu.com,http://geqRe.com,kHMeF
80,180,EHZAlRTmpe,LjsGzIVxbyelzrqQTCAY,Pyty,F,http://kZLbf.com,http://JszZp.com,nuhVp
81,181,kuMkSRqtAv,tUBYMDfKIZZbiOEHtbnP,EvRu,C,http://besZj.com,http://auiYK.com,LJRzL
82,182,PMzuoBTgla,hQVmevYNtsXfLMOhYkko,ZvgJ,Y,http://ztqKQ.com,http://rmROp.com,DKTjr
83,183,EWsxqaZzeA,ZQpQiJCWwbWAmwmzaoKz,XCpE,C,http://itBai.com,http://EUwKE.com,KsYiW
84,184,fHlHCZBnjR,qHGEqGwHOSPQFLJnpkvQ,zoGd,D,http://cTRBs.com,http://kRRWG.com,lvrji
85,185,dUBjwzpnee,AiKaQlJojecLJdheRdsJ,TxBm,X,http://MHUPQ.com,http://GEMBY.com,uWsCN
86,186,lpPlnvWNSD,VloiGQsWtcwALBiNlOzP,AGfK,X,http://ZADmN.com,http://lfbAW.com,OQZQC
87,187,YUgORYNVcs,XKnXtcloKZLHaTzNCHGB,wwPf,A,http://kvfZq.com,http://OIPbG.com,oGZFt
88,188,LNSvIDgCWH,CDnyUNWrADUzZVlOsJhi,oDxw,A,http://RqweD.com,http://OGwcV.com,GuIXy
89,189,vzoJsNvNea,mNptwvTvLLBcTBDOhHTk,dXbT,E,http://jfHJR.com,http://gDoKr.com,YakGd
90,190,pvMjBRdXbE,uiAjlkvfzoPQEFYoZPrt,rOTY,G,http://IatcM.com,http://KjWyF.com,blUxx
91,191,sALRbVFVhP,VBxxwBWLsXFqlUchMgCb,NQtR,B,http://KKUUQ.com,http://QodLs.com,myWKu
92,192,otfDpFeeMV,JjaDQnaPXrtKxdxwlHUL,FVdz,D,http://uonCW.com,http://esHnQ.com,PRJNy
93,193,nHKgHfjNHs,JdBSLdDDekLiyVsQrdfC,kWje,B,http://eQCis.com,http://JySIn.com,GZmSS
94,194,PufJkmuGEv,CAQOKrxUmVeawyRGmsDV,atEs,Y,http://DgoPX.com,http://iMntj.com,CaolX
95,195,byIdmcuSRu,DubUAtzbZwukqAznkOML,fXYy,Z,http://iVCQb.com,http://bzOmh.com,XZUwX
96,196,jpJfSYUQXp,qkICVNGEBVzjNnRhHZdd,Tfzc,E,http://jahwj.com,http://pZeAq.com,UYBcF
97,197,ipJyGJtZkD,kUEwbfoADIERwvrUAyjO,lpSB,A,http://sJldv.com,http://nXCel.com,JwwJd
98,198,WYAqknvFpF,ryhMcpfjbmzUNRDfNIcw,qsVl,G,http://qFUpx.com,http://gnNvv.com,glLkE
99,199,MZjtBZhjRN,JzGHlfNeWWpIjShzUCPD,AOpO,E,http://kBCgC.com,http://bbTwF.com,taePq
100,200,CvuOnkWqFs,ljPINJerMlOBemnsweRE,lvXd,F,http://PjYaB.com,http://OQQIc.com,BEFkR
